{
  "project_info": {
    "project_number": "410632360938",
    "firebase_url": "https://fir-food-2f9c8-default-rtdb.firebaseio.com",
    "project_id": "fir-food-2f9c8",
    "storage_bucket": "fir-food-2f9c8.appspot.com"
  },
  "client": [
    {
      "client_info": {
        "mobilesdk_app_id": "1:410632360938:android:2df5621a18b09294d09893",
        "android_client_info": {
          "package_name": "com.example.apprestaurant"
        }
      },
      "oauth_client": [],
      "api_key": [
        {
          "current_key": "AIzaSyB18kTpRAXI4-CTV4WNbovypjQysNSluzg"
        }
      ],
      "services": {
        "appinvite_service": {
          "other_platform_oauth_client": []
        }
      }
    }
  ],
  "configuration_version": "1"
}